Province/State,Date,Recovered,population,Recoveries per million residents
Washington,2020-03-10,1,7614893,0.13132160885254723
Washington,2020-03-11,1,7614893,0.13132160885254723
Washington,2020-03-12,1,7614893,0.13132160885254723
Washington,2020-03-13,1,7614893,0.13132160885254723
Washington,2020-03-14,1,7614893,0.13132160885254723
Washington,2020-03-15,1,7614893,0.13132160885254723
Washington,2020-03-16,1,7614893,0.13132160885254723
Washington,2020-03-17,1,7614893,0.13132160885254723
Washington,2020-03-18,0,7614893,0
Washington,2020-03-19,0,7614893,0
New York,2020-03-10,0,19453561,0
New York,2020-03-11,0,19453561,0
New York,2020-03-12,0,19453561,0
New York,2020-03-13,0,19453561,0
New York,2020-03-14,0,19453561,0
New York,2020-03-15,0,19453561,0
New York,2020-03-16,0,19453561,0
New York,2020-03-17,0,19453561,0
New York,2020-03-18,0,19453561,0
New York,2020-03-19,0,19453561,0
California,2020-03-10,2,39512223,0.050617248237336585
California,2020-03-11,2,39512223,0.050617248237336585
California,2020-03-12,6,39512223,0.15185174471200974
California,2020-03-13,6,39512223,0.15185174471200974
California,2020-03-14,6,39512223,0.15185174471200974
California,2020-03-15,6,39512223,0.15185174471200974
California,2020-03-16,6,39512223,0.15185174471200974
California,2020-03-17,6,39512223,0.15185174471200974
California,2020-03-18,0,39512223,0
California,2020-03-19,0,39512223,0
Massachusetts,2020-03-10,1,6892503,0.14508517442792554
Massachusetts,2020-03-11,1,6892503,0.14508517442792554
Massachusetts,2020-03-12,1,6892503,0.14508517442792554
Massachusetts,2020-03-13,1,6892503,0.14508517442792554
Massachusetts,2020-03-14,1,6892503,0.14508517442792554
Massachusetts,2020-03-15,1,6892503,0.14508517442792554
Massachusetts,2020-03-16,1,6892503,0.14508517442792554
Massachusetts,2020-03-17,1,6892503,0.14508517442792554
Massachusetts,2020-03-18,0,6892503,0
Massachusetts,2020-03-19,0,6892503,0
Georgia,2020-03-10,0,10617423,0
Georgia,2020-03-11,0,10617423,0
Georgia,2020-03-12,0,10617423,0
Georgia,2020-03-13,0,10617423,0
Georgia,2020-03-14,0,10617423,0
Georgia,2020-03-15,0,10617423,0
Georgia,2020-03-16,0,10617423,0
Georgia,2020-03-17,0,10617423,0
Georgia,2020-03-18,0,10617423,0
Georgia,2020-03-19,0,10617423,0
Colorado,2020-03-10,0,5758736,0
Colorado,2020-03-11,0,5758736,0
Colorado,2020-03-12,0,5758736,0
Colorado,2020-03-13,0,5758736,0
Colorado,2020-03-14,0,5758736,0
Colorado,2020-03-15,0,5758736,0
Colorado,2020-03-16,0,5758736,0
Colorado,2020-03-17,0,5758736,0
Colorado,2020-03-18,0,5758736,0
Colorado,2020-03-19,0,5758736,0
Florida,2020-03-10,0,21477737,0
Florida,2020-03-11,0,21477737,0
Florida,2020-03-12,0,21477737,0
Florida,2020-03-13,0,21477737,0
Florida,2020-03-14,0,21477737,0
Florida,2020-03-15,0,21477737,0
Florida,2020-03-16,0,21477737,0
Florida,2020-03-17,0,21477737,0
Florida,2020-03-18,0,21477737,0
Florida,2020-03-19,0,21477737,0
New Jersey,2020-03-10,0,8882190,0
New Jersey,2020-03-11,0,8882190,0
New Jersey,2020-03-12,0,8882190,0
New Jersey,2020-03-13,0,8882190,0
New Jersey,2020-03-14,0,8882190,0
New Jersey,2020-03-15,0,8882190,0
New Jersey,2020-03-16,1,8882190,0.11258484675513585
New Jersey,2020-03-17,1,8882190,0.11258484675513585
New Jersey,2020-03-18,0,8882190,0
New Jersey,2020-03-19,0,8882190,0
Oregon,2020-03-10,0,4217737,0
Oregon,2020-03-11,0,4217737,0
Oregon,2020-03-12,0,4217737,0
Oregon,2020-03-13,0,4217737,0
Oregon,2020-03-14,0,4217737,0
Oregon,2020-03-15,0,4217737,0
Oregon,2020-03-16,0,4217737,0
Oregon,2020-03-17,0,4217737,0
Oregon,2020-03-18,0,4217737,0
Oregon,2020-03-19,0,4217737,0
Texas,2020-03-10,0,28995881,0
Texas,2020-03-11,0,28995881,0
Texas,2020-03-12,0,28995881,0
Texas,2020-03-13,0,28995881,0
Texas,2020-03-14,0,28995881,0
Texas,2020-03-15,0,28995881,0
Texas,2020-03-16,0,28995881,0
Texas,2020-03-17,0,28995881,0
Texas,2020-03-18,0,28995881,0
Texas,2020-03-19,0,28995881,0
Illinois,2020-03-10,2,12671821,0.15783051228390932
Illinois,2020-03-11,2,12671821,0.15783051228390932
Illinois,2020-03-12,2,12671821,0.15783051228390932
Illinois,2020-03-13,2,12671821,0.15783051228390932
Illinois,2020-03-14,2,12671821,0.15783051228390932
Illinois,2020-03-15,2,12671821,0.15783051228390932
Illinois,2020-03-16,2,12671821,0.15783051228390932
Illinois,2020-03-17,2,12671821,0.15783051228390932
Illinois,2020-03-18,0,12671821,0
Illinois,2020-03-19,0,12671821,0
Pennsylvania,2020-03-10,0,12801989,0
Pennsylvania,2020-03-11,0,12801989,0
Pennsylvania,2020-03-12,0,12801989,0
Pennsylvania,2020-03-13,0,12801989,0
Pennsylvania,2020-03-14,0,12801989,0
Pennsylvania,2020-03-15,0,12801989,0
Pennsylvania,2020-03-16,0,12801989,0
Pennsylvania,2020-03-17,0,12801989,0
Pennsylvania,2020-03-18,0,12801989,0
Pennsylvania,2020-03-19,0,12801989,0
Iowa,2020-03-10,0,3155070,0
Iowa,2020-03-11,0,3155070,0
Iowa,2020-03-12,0,3155070,0
Iowa,2020-03-13,0,3155070,0
Iowa,2020-03-14,0,3155070,0
Iowa,2020-03-15,0,3155070,0
Iowa,2020-03-16,0,3155070,0
Iowa,2020-03-17,0,3155070,0
Iowa,2020-03-18,0,3155070,0
Iowa,2020-03-19,0,3155070,0
Maryland,2020-03-10,0,6045680,0
Maryland,2020-03-11,0,6045680,0
Maryland,2020-03-12,0,6045680,0
Maryland,2020-03-13,0,6045680,0
Maryland,2020-03-14,0,6045680,0
Maryland,2020-03-15,0,6045680,0
Maryland,2020-03-16,3,6045680,0.4962220957774808
Maryland,2020-03-17,3,6045680,0.4962220957774808
Maryland,2020-03-18,0,6045680,0
Maryland,2020-03-19,0,6045680,0
North Carolina,2020-03-10,0,10488084,0
North Carolina,2020-03-11,0,10488084,0
North Carolina,2020-03-12,0,10488084,0
North Carolina,2020-03-13,0,10488084,0
North Carolina,2020-03-14,0,10488084,0
North Carolina,2020-03-15,0,10488084,0
North Carolina,2020-03-16,0,10488084,0
North Carolina,2020-03-17,0,10488084,0
North Carolina,2020-03-18,0,10488084,0
North Carolina,2020-03-19,0,10488084,0
South Carolina,2020-03-10,0,5148714,0
South Carolina,2020-03-11,0,5148714,0
South Carolina,2020-03-12,0,5148714,0
South Carolina,2020-03-13,0,5148714,0
South Carolina,2020-03-14,0,5148714,0
South Carolina,2020-03-15,0,5148714,0
South Carolina,2020-03-16,0,5148714,0
South Carolina,2020-03-17,0,5148714,0
South Carolina,2020-03-18,0,5148714,0
South Carolina,2020-03-19,0,5148714,0
Tennessee,2020-03-10,0,6829174,0
Tennessee,2020-03-11,0,6829174,0
Tennessee,2020-03-12,0,6829174,0
Tennessee,2020-03-13,0,6829174,0
Tennessee,2020-03-14,0,6829174,0
Tennessee,2020-03-15,0,6829174,0
Tennessee,2020-03-16,0,6829174,0
Tennessee,2020-03-17,0,6829174,0
Tennessee,2020-03-18,0,6829174,0
Tennessee,2020-03-19,0,6829174,0
Virginia,2020-03-10,0,8535519,0
Virginia,2020-03-11,0,8535519,0
Virginia,2020-03-12,0,8535519,0
Virginia,2020-03-13,0,8535519,0
Virginia,2020-03-14,0,8535519,0
Virginia,2020-03-15,0,8535519,0
Virginia,2020-03-16,0,8535519,0
Virginia,2020-03-17,0,8535519,0
Virginia,2020-03-18,0,8535519,0
Virginia,2020-03-19,0,8535519,0
Arizona,2020-03-10,1,7278717,0.1373868499077516
Arizona,2020-03-11,1,7278717,0.1373868499077516
Arizona,2020-03-12,1,7278717,0.1373868499077516
Arizona,2020-03-13,1,7278717,0.1373868499077516
Arizona,2020-03-14,1,7278717,0.1373868499077516
Arizona,2020-03-15,1,7278717,0.1373868499077516
Arizona,2020-03-16,1,7278717,0.1373868499077516
Arizona,2020-03-17,1,7278717,0.1373868499077516
Arizona,2020-03-18,0,7278717,0
Arizona,2020-03-19,0,7278717,0
Indiana,2020-03-10,0,6732219,0
Indiana,2020-03-11,0,6732219,0
Indiana,2020-03-12,0,6732219,0
Indiana,2020-03-13,0,6732219,0
Indiana,2020-03-14,0,6732219,0
Indiana,2020-03-15,0,6732219,0
Indiana,2020-03-16,0,6732219,0
Indiana,2020-03-17,0,6732219,0
Indiana,2020-03-18,0,6732219,0
Indiana,2020-03-19,0,6732219,0
Kentucky,2020-03-10,0,4467673,0
Kentucky,2020-03-11,0,4467673,0
Kentucky,2020-03-12,0,4467673,0
Kentucky,2020-03-13,0,4467673,0
Kentucky,2020-03-14,0,4467673,0
Kentucky,2020-03-15,0,4467673,0
Kentucky,2020-03-16,1,4467673,0.22383016841205702
Kentucky,2020-03-17,1,4467673,0.22383016841205702
Kentucky,2020-03-18,0,4467673,0
Kentucky,2020-03-19,0,4467673,0
District of Columbia,2020-03-10,0,705749,0
District of Columbia,2020-03-11,0,705749,0
District of Columbia,2020-03-12,0,705749,0
District of Columbia,2020-03-13,0,705749,0
District of Columbia,2020-03-14,0,705749,0
District of Columbia,2020-03-15,0,705749,0
District of Columbia,2020-03-16,0,705749,0
District of Columbia,2020-03-17,0,705749,0
District of Columbia,2020-03-18,0,705749,0
District of Columbia,2020-03-19,0,705749,0
Nevada,2020-03-10,0,3080156,0
Nevada,2020-03-11,0,3080156,0
Nevada,2020-03-12,0,3080156,0
Nevada,2020-03-13,0,3080156,0
Nevada,2020-03-14,0,3080156,0
Nevada,2020-03-15,0,3080156,0
Nevada,2020-03-16,0,3080156,0
Nevada,2020-03-17,0,3080156,0
Nevada,2020-03-18,0,3080156,0
Nevada,2020-03-19,0,3080156,0
New Hampshire,2020-03-10,0,1359711,0
New Hampshire,2020-03-11,0,1359711,0
New Hampshire,2020-03-12,0,1359711,0
New Hampshire,2020-03-13,0,1359711,0
New Hampshire,2020-03-14,0,1359711,0
New Hampshire,2020-03-15,0,1359711,0
New Hampshire,2020-03-16,0,1359711,0
New Hampshire,2020-03-17,0,1359711,0
New Hampshire,2020-03-18,0,1359711,0
New Hampshire,2020-03-19,0,1359711,0
Minnesota,2020-03-10,0,5639632,0
Minnesota,2020-03-11,0,5639632,0
Minnesota,2020-03-12,0,5639632,0
Minnesota,2020-03-13,0,5639632,0
Minnesota,2020-03-14,0,5639632,0
Minnesota,2020-03-15,0,5639632,0
Minnesota,2020-03-16,0,5639632,0
Minnesota,2020-03-17,0,5639632,0
Minnesota,2020-03-18,0,5639632,0
Minnesota,2020-03-19,0,5639632,0
Nebraska,2020-03-10,0,1934408,0
Nebraska,2020-03-11,0,1934408,0
Nebraska,2020-03-12,0,1934408,0
Nebraska,2020-03-13,0,1934408,0
Nebraska,2020-03-14,0,1934408,0
Nebraska,2020-03-15,0,1934408,0
Nebraska,2020-03-16,0,1934408,0
Nebraska,2020-03-17,0,1934408,0
Nebraska,2020-03-18,0,1934408,0
Nebraska,2020-03-19,0,1934408,0
Ohio,2020-03-10,0,11689100,0
Ohio,2020-03-11,0,11689100,0
Ohio,2020-03-12,0,11689100,0
Ohio,2020-03-13,0,11689100,0
Ohio,2020-03-14,0,11689100,0
Ohio,2020-03-15,0,11689100,0
Ohio,2020-03-16,0,11689100,0
Ohio,2020-03-17,0,11689100,0
Ohio,2020-03-18,0,11689100,0
Ohio,2020-03-19,0,11689100,0
Rhode Island,2020-03-10,0,1059361,0
Rhode Island,2020-03-11,0,1059361,0
Rhode Island,2020-03-12,0,1059361,0
Rhode Island,2020-03-13,0,1059361,0
Rhode Island,2020-03-14,0,1059361,0
Rhode Island,2020-03-15,0,1059361,0
Rhode Island,2020-03-16,0,1059361,0
Rhode Island,2020-03-17,0,1059361,0
Rhode Island,2020-03-18,0,1059361,0
Rhode Island,2020-03-19,0,1059361,0
Wisconsin,2020-03-10,1,5822434,0.1717494779674617
Wisconsin,2020-03-11,1,5822434,0.1717494779674617
Wisconsin,2020-03-12,1,5822434,0.1717494779674617
Wisconsin,2020-03-13,1,5822434,0.1717494779674617
Wisconsin,2020-03-14,1,5822434,0.1717494779674617
Wisconsin,2020-03-15,1,5822434,0.1717494779674617
Wisconsin,2020-03-16,1,5822434,0.1717494779674617
Wisconsin,2020-03-17,1,5822434,0.1717494779674617
Wisconsin,2020-03-18,0,5822434,0
Wisconsin,2020-03-19,0,5822434,0
Connecticut,2020-03-10,0,3565287,0
Connecticut,2020-03-11,0,3565287,0
Connecticut,2020-03-12,0,3565287,0
Connecticut,2020-03-13,0,3565287,0
Connecticut,2020-03-14,0,3565287,0
Connecticut,2020-03-15,0,3565287,0
Connecticut,2020-03-16,0,3565287,0
Connecticut,2020-03-17,0,3565287,0
Connecticut,2020-03-18,0,3565287,0
Connecticut,2020-03-19,0,3565287,0
Hawaii,2020-03-10,0,1415872,0
Hawaii,2020-03-11,0,1415872,0
Hawaii,2020-03-12,0,1415872,0
Hawaii,2020-03-13,0,1415872,0
Hawaii,2020-03-14,0,1415872,0
Hawaii,2020-03-15,0,1415872,0
Hawaii,2020-03-16,0,1415872,0
Hawaii,2020-03-17,0,1415872,0
Hawaii,2020-03-18,0,1415872,0
Hawaii,2020-03-19,0,1415872,0
Oklahoma,2020-03-10,0,3956971,0
Oklahoma,2020-03-11,0,3956971,0
Oklahoma,2020-03-12,0,3956971,0
Oklahoma,2020-03-13,0,3956971,0
Oklahoma,2020-03-14,0,3956971,0
Oklahoma,2020-03-15,0,3956971,0
Oklahoma,2020-03-16,0,3956971,0
Oklahoma,2020-03-17,0,3956971,0
Oklahoma,2020-03-18,0,3956971,0
Oklahoma,2020-03-19,0,3956971,0
Utah,2020-03-10,0,3205958,0
Utah,2020-03-11,0,3205958,0
Utah,2020-03-12,0,3205958,0
Utah,2020-03-13,0,3205958,0
Utah,2020-03-14,0,3205958,0
Utah,2020-03-15,0,3205958,0
Utah,2020-03-16,0,3205958,0
Utah,2020-03-17,0,3205958,0
Utah,2020-03-18,0,3205958,0
Utah,2020-03-19,0,3205958,0
Kansas,2020-03-10,0,2913314,0
Kansas,2020-03-11,0,2913314,0
Kansas,2020-03-12,0,2913314,0
Kansas,2020-03-13,0,2913314,0
Kansas,2020-03-14,0,2913314,0
Kansas,2020-03-15,0,2913314,0
Kansas,2020-03-16,0,2913314,0
Kansas,2020-03-17,0,2913314,0
Kansas,2020-03-18,0,2913314,0
Kansas,2020-03-19,0,2913314,0
Louisiana,2020-03-10,0,4648794,0
Louisiana,2020-03-11,0,4648794,0
Louisiana,2020-03-12,0,4648794,0
Louisiana,2020-03-13,0,4648794,0
Louisiana,2020-03-14,0,4648794,0
Louisiana,2020-03-15,0,4648794,0
Louisiana,2020-03-16,0,4648794,0
Louisiana,2020-03-17,0,4648794,0
Louisiana,2020-03-18,0,4648794,0
Louisiana,2020-03-19,0,4648794,0
Missouri,2020-03-10,0,6137428,0
Missouri,2020-03-11,0,6137428,0
Missouri,2020-03-12,0,6137428,0
Missouri,2020-03-13,0,6137428,0
Missouri,2020-03-14,0,6137428,0
Missouri,2020-03-15,0,6137428,0
Missouri,2020-03-16,0,6137428,0
Missouri,2020-03-17,0,6137428,0
Missouri,2020-03-18,0,6137428,0
Missouri,2020-03-19,0,6137428,0
Vermont,2020-03-10,0,623989,0
Vermont,2020-03-11,0,623989,0
Vermont,2020-03-12,0,623989,0
Vermont,2020-03-13,0,623989,0
Vermont,2020-03-14,0,623989,0
Vermont,2020-03-15,0,623989,0
Vermont,2020-03-16,0,623989,0
Vermont,2020-03-17,0,623989,0
Vermont,2020-03-18,0,623989,0
Vermont,2020-03-19,0,623989,0
Alaska,2020-03-10,0,731545,0
Alaska,2020-03-11,0,731545,0
Alaska,2020-03-12,0,731545,0
Alaska,2020-03-13,0,731545,0
Alaska,2020-03-14,0,731545,0
Alaska,2020-03-15,0,731545,0
Alaska,2020-03-16,0,731545,0
Alaska,2020-03-17,0,731545,0
Alaska,2020-03-18,0,731545,0
Alaska,2020-03-19,0,731545,0
Arkansas,2020-03-10,0,3017804,0
Arkansas,2020-03-11,0,3017804,0
Arkansas,2020-03-12,0,3017804,0
Arkansas,2020-03-13,0,3017804,0
Arkansas,2020-03-14,0,3017804,0
Arkansas,2020-03-15,0,3017804,0
Arkansas,2020-03-16,0,3017804,0
Arkansas,2020-03-17,0,3017804,0
Arkansas,2020-03-18,0,3017804,0
Arkansas,2020-03-19,0,3017804,0
Delaware,2020-03-10,0,973764,0
Delaware,2020-03-11,0,973764,0
Delaware,2020-03-12,0,973764,0
Delaware,2020-03-13,0,973764,0
Delaware,2020-03-14,0,973764,0
Delaware,2020-03-15,0,973764,0
Delaware,2020-03-16,0,973764,0
Delaware,2020-03-17,0,973764,0
Delaware,2020-03-18,0,973764,0
Delaware,2020-03-19,0,973764,0
Idaho,2020-03-10,0,1787065,0
Idaho,2020-03-11,0,1787065,0
Idaho,2020-03-12,0,1787065,0
Idaho,2020-03-13,0,1787065,0
Idaho,2020-03-14,0,1787065,0
Idaho,2020-03-15,0,1787065,0
Idaho,2020-03-16,0,1787065,0
Idaho,2020-03-17,0,1787065,0
Idaho,2020-03-18,0,1787065,0
Idaho,2020-03-19,0,1787065,0
Maine,2020-03-10,0,1344212,0
Maine,2020-03-11,0,1344212,0
Maine,2020-03-12,0,1344212,0
Maine,2020-03-13,0,1344212,0
Maine,2020-03-14,0,1344212,0
Maine,2020-03-15,0,1344212,0
Maine,2020-03-16,0,1344212,0
Maine,2020-03-17,0,1344212,0
Maine,2020-03-18,0,1344212,0
Maine,2020-03-19,0,1344212,0
Michigan,2020-03-10,0,9986857,0
Michigan,2020-03-11,0,9986857,0
Michigan,2020-03-12,0,9986857,0
Michigan,2020-03-13,0,9986857,0
Michigan,2020-03-14,0,9986857,0
Michigan,2020-03-15,0,9986857,0
Michigan,2020-03-16,0,9986857,0
Michigan,2020-03-17,0,9986857,0
Michigan,2020-03-18,0,9986857,0
Michigan,2020-03-19,0,9986857,0
Mississippi,2020-03-10,0,2976149,0
Mississippi,2020-03-11,0,2976149,0
Mississippi,2020-03-12,0,2976149,0
Mississippi,2020-03-13,0,2976149,0
Mississippi,2020-03-14,0,2976149,0
Mississippi,2020-03-15,0,2976149,0
Mississippi,2020-03-16,0,2976149,0
Mississippi,2020-03-17,0,2976149,0
Mississippi,2020-03-18,0,2976149,0
Mississippi,2020-03-19,0,2976149,0
Montana,2020-03-10,0,1068778,0
Montana,2020-03-11,0,1068778,0
Montana,2020-03-12,0,1068778,0
Montana,2020-03-13,0,1068778,0
Montana,2020-03-14,0,1068778,0
Montana,2020-03-15,0,1068778,0
Montana,2020-03-16,0,1068778,0
Montana,2020-03-17,0,1068778,0
Montana,2020-03-18,0,1068778,0
Montana,2020-03-19,0,1068778,0
New Mexico,2020-03-10,0,2096829,0
New Mexico,2020-03-11,0,2096829,0
New Mexico,2020-03-12,0,2096829,0
New Mexico,2020-03-13,0,2096829,0
New Mexico,2020-03-14,0,2096829,0
New Mexico,2020-03-15,0,2096829,0
New Mexico,2020-03-16,0,2096829,0
New Mexico,2020-03-17,0,2096829,0
New Mexico,2020-03-18,0,2096829,0
New Mexico,2020-03-19,0,2096829,0
North Dakota,2020-03-10,0,762062,0
North Dakota,2020-03-11,0,762062,0
North Dakota,2020-03-12,0,762062,0
North Dakota,2020-03-13,0,762062,0
North Dakota,2020-03-14,0,762062,0
North Dakota,2020-03-15,0,762062,0
North Dakota,2020-03-16,0,762062,0
North Dakota,2020-03-17,0,762062,0
North Dakota,2020-03-18,0,762062,0
North Dakota,2020-03-19,0,762062,0
South Dakota,2020-03-10,0,884659,0
South Dakota,2020-03-11,0,884659,0
South Dakota,2020-03-12,0,884659,0
South Dakota,2020-03-13,0,884659,0
South Dakota,2020-03-14,0,884659,0
South Dakota,2020-03-15,0,884659,0
South Dakota,2020-03-16,0,884659,0
South Dakota,2020-03-17,0,884659,0
South Dakota,2020-03-18,0,884659,0
South Dakota,2020-03-19,0,884659,0
West Virginia,2020-03-10,0,1792147,0
West Virginia,2020-03-11,0,1792147,0
West Virginia,2020-03-12,0,1792147,0
West Virginia,2020-03-13,0,1792147,0
West Virginia,2020-03-14,0,1792147,0
West Virginia,2020-03-15,0,1792147,0
West Virginia,2020-03-16,0,1792147,0
West Virginia,2020-03-17,0,1792147,0
West Virginia,2020-03-18,0,1792147,0
West Virginia,2020-03-19,0,1792147,0
Wyoming,2020-03-10,0,578759,0
Wyoming,2020-03-11,0,578759,0
Wyoming,2020-03-12,0,578759,0
Wyoming,2020-03-13,0,578759,0
Wyoming,2020-03-14,0,578759,0
Wyoming,2020-03-15,0,578759,0
Wyoming,2020-03-16,0,578759,0
Wyoming,2020-03-17,0,578759,0
Wyoming,2020-03-18,0,578759,0
Wyoming,2020-03-19,0,578759,0
Alabama,2020-03-10,0,4903185,0
Alabama,2020-03-11,0,4903185,0
Alabama,2020-03-12,0,4903185,0
Alabama,2020-03-13,0,4903185,0
Alabama,2020-03-14,0,4903185,0
Alabama,2020-03-15,0,4903185,0
Alabama,2020-03-16,0,4903185,0
Alabama,2020-03-17,0,4903185,0
Alabama,2020-03-18,0,4903185,0
Alabama,2020-03-19,0,4903185,0
Puerto Rico,2020-03-10,0,3193694,0
Puerto Rico,2020-03-11,0,3193694,0
Puerto Rico,2020-03-12,0,3193694,0
Puerto Rico,2020-03-13,0,3193694,0
Puerto Rico,2020-03-14,0,3193694,0
Puerto Rico,2020-03-15,0,3193694,0
Puerto Rico,2020-03-16,0,3193694,0
Puerto Rico,2020-03-17,0,3193694,0
Puerto Rico,2020-03-18,0,3193694,0
Puerto Rico,2020-03-19,0,3193694,0
Guam,2020-03-10,0,NA,NA
Guam,2020-03-11,0,NA,NA
Guam,2020-03-12,0,NA,NA
Guam,2020-03-13,0,NA,NA
Guam,2020-03-14,0,NA,NA
Guam,2020-03-15,0,NA,NA
Guam,2020-03-16,0,NA,NA
Guam,2020-03-17,0,NA,NA
Guam,2020-03-18,0,NA,NA
Guam,2020-03-19,0,NA,NA
Virgin Islands,2020-03-10,0,NA,NA
Virgin Islands,2020-03-11,0,NA,NA
Virgin Islands,2020-03-12,0,NA,NA
Virgin Islands,2020-03-13,0,NA,NA
Virgin Islands,2020-03-14,0,NA,NA
Virgin Islands,2020-03-15,0,NA,NA
Virgin Islands,2020-03-16,0,NA,NA
Virgin Islands,2020-03-17,0,NA,NA
Virgin Islands,2020-03-18,0,NA,NA
Virgin Islands,2020-03-19,0,NA,NA
Total,2020-03-10,8,NA,NA
Total,2020-03-11,8,NA,NA
Total,2020-03-12,12,NA,NA
Total,2020-03-13,12,NA,NA
Total,2020-03-14,12,NA,NA
Total,2020-03-15,12,NA,NA
Total,2020-03-16,17,NA,NA
Total,2020-03-17,17,NA,NA
Total,2020-03-18,0,NA,NA
Total,2020-03-19,0,NA,NA
